{"stat.walkOneCm":10529,"stat.useItem.minecraft.stone_slab":53,"achievement.openInventory":1,"stat.leaveGame":5,"stat.useItem.minecraft.emerald_block":319,"stat.mobKills":2,"stat.flyOneCm":962307,"stat.jump":59,"stat.swimOneCm":5144,"stat.playOneMinute":39113,"stat.fallOneCm":211,"stat.killEntity.Sheep":1,"stat.damageDealt":120,"stat.crouchOneCm":264,"stat.timeSinceDeath":39113,"stat.killEntity.Cow":1,"stat.sprintOneCm":2433,"achievement.exploreAllBiomes":{"value":0,"progress":["Plains"]},"stat.diveOneCm":835}