{"stat.chestOpened":9,"stat.useItem.minecraft.lapis_block":77,"stat.useItem.minecraft.quartz_block":137,"stat.useItem.minecraft.stone":104,"stat.useItem.minecraft.quartz_stairs":4,"stat.leaveGame":51,"stat.useItem.minecraft.log2":61,"stat.useItem.minecraft.skull":9,"stat.useItem.minecraft.carpet":76,"stat.swimOneCm":33223,"stat.jump":2812,"stat.useItem.minecraft.snow":60,"stat.useItem.minecraft.planks":90,"stat.crouchOneCm":11701,"stat.useItem.minecraft.coal_block":19,"stat.useItem.minecraft.dirt":16,"stat.useItem.minecraft.stone_button":7,"stat.useItem.minecraft.stone_slab2":15,"achievement.exploreAllBiomes":{"value":0,"progress":["Plains"]},"stat.useItem.minecraft.glass":7,"stat.damageTaken":240,"stat.useItem.minecraft.brick_block":23,"stat.flyOneCm":17898327,"stat.damageDealt":435,"stat.useItem.minecraft.wool":55,"stat.useItem.minecraft.snow_layer":241,"stat.timeSinceDeath":388615,"stat.useItem.minecraft.sign":7,"stat.useItem.minecraft.wooden_slab":34,"stat.useItem.minecraft.iron_bars":35,"stat.walkOneCm":1159485,"stat.useItem.minecraft.oak_stairs":13,"stat.useItem.minecraft.cobblestone":6,"stat.useItem.minecraft.gravel":8,"stat.useItem.minecraft.emerald_block":3655,"stat.useItem.minecraft.redstone_block":145,"stat.useItem.minecraft.item_frame":3,"stat.useItem.minecraft.spruce_fence":4,"stat.useItem.minecraft.stained_hardened_clay":28,"stat.sprintOneCm":33959,"stat.useItem.minecraft.diamond_block":144,"stat.useItem.minecraft.stone_slab":739,"achievement.openInventory":4135,"stat.killEntity.Chicken":1,"stat.useItem.minecraft.iron_block":5,"stat.mobKills":2,"stat.useItem.minecraft.stonebrick":1,"stat.deaths":2,"stat.useItem.minecraft.cobblestone_wall":26,"stat.drop":13,"stat.playOneMinute":3284989,"stat.diveOneCm":9620}