{"stat.useItem.minecraft.quartz_block":681,"stat.useItem.minecraft.stone":401,"stat.useItem.minecraft.quartz_stairs":3,"stat.leaveGame":40,"stat.useItem.minecraft.sponge":134,"stat.useItem.minecraft.log2":181,"stat.useItem.minecraft.skull":56,"stat.useItem.minecraft.carpet":420,"stat.useItem.minecraft.clay":269,"stat.useItem.minecraft.stained_glass_pane":141,"stat.useItem.minecraft.glowstone":4,"stat.useItem.minecraft.flower_pot":4,"stat.jump":2075,"stat.swimOneCm":25303,"stat.useItem.minecraft.iron_trapdoor":4,"stat.useItem.minecraft.snow":279,"stat.useItem.minecraft.planks":1210,"stat.climbOneCm":2609,"stat.crouchOneCm":21587,"stat.useItem.minecraft.coal_block":31,"stat.useItem.minecraft.dirt":1219,"stat.useItem.minecraft.stone_button":31,"achievement.exploreAllBiomes":{"value":0,"progress":["Plains"]},"stat.useItem.minecraft.sandstone_stairs":24,"stat.useItem.minecraft.redstone_lamp":15,"stat.useItem.minecraft.vine":13,"stat.useItem.minecraft.stone_brick_stairs":27,"stat.useItem.minecraft.rail":16,"stat.flyOneCm":10307889,"stat.useItem.minecraft.birch_fence":60,"stat.damageDealt":250,"stat.useItem.minecraft.wool":612,"stat.useItem.minecraft.snow_layer":22,"stat.timeSinceDeath":1383642,"stat.useItem.minecraft.sign":61,"stat.useItem.minecraft.wooden_slab":208,"stat.useItem.minecraft.iron_bars":84,"stat.walkOneCm":932039,"stat.useItem.minecraft.torch":3,"stat.useItem.minecraft.hardened_clay":74,"stat.useItem.minecraft.oak_stairs":6,"stat.useItem.minecraft.cobblestone":4,"stat.useItem.minecraft.gravel":2,"stat.useItem.minecraft.emerald_block":2842,"stat.useItem.minecraft.acacia_stairs":22,"stat.useItem.minecraft.redstone_block":334,"stat.useItem.minecraft.item_frame":2,"stat.useItem.minecraft.spruce_stairs":55,"stat.useItem.minecraft.spruce_fence":3,"achievement.mineWood":1,"stat.useItem.minecraft.stained_hardened_clay":1713,"stat.useItem.minecraft.leaves":3677,"stat.sprintOneCm":270998,"stat.useItem.minecraft.stained_glass":861,"stat.useItem.minecraft.diamond_block":10,"stat.useItem.minecraft.tallgrass":271,"stat.useItem.minecraft.stone_slab":808,"stat.useItem.minecraft.acacia_fence":3,"achievement.openInventory":394,"stat.useItem.minecraft.barrier":56,"stat.killEntity.Chicken":1,"stat.useItem.minecraft.cauldron":1,"stat.useItem.minecraft.stone_pressure_plate":2,"stat.mobKills":1,"stat.useItem.minecraft.stonebrick":242,"stat.useItem.minecraft.cobblestone_wall":144,"stat.drop":223,"stat.playOneMinute":1383642,"stat.useItem.minecraft.banner":20,"stat.useItem.minecraft.nether_brick":7,"stat.useItem.minecraft.ladder":9,"stat.useItem.minecraft.birch_stairs":7,"stat.diveOneCm":39272}